USE TStore

INSERT INTO Staff 
VALUES('ST001', 'Andi Pratama', 'Jl. Kenanga 68 B', '081213141516', 'andi.pratama@gmail.com', 'Male', '6000000'),
('ST002', 'Vianna Putri', 'Jl. Kembang Sepatu No.61', '081240581910', 'viannapp@gmail.com', 'Female', '4500000'),
('ST003', 'Ailsaa najla', 'Jl. Condet 18 A', '081513891006', 'ailsaanajla@gmail.com', 'Female', '5000000'),
('ST004', 'Elizabeth Ann', 'Jl. Matraman No.5B', '081911188512', 'elizabethann@gmail.com', 'Female', '5500000'),
('ST005', 'Diovinsen Yeo', 'Jl. Jayanti No.65N', '085719941006', 'diovinsenyeo@gmail.com', 'Male', '6000000'),
('ST006', 'Karina', 'Jl. Mawar Utara Kav.8', '081593141544', 'karina@gmail.com', 'Female', '6500000'),
('ST007', 'Dita Karang', 'Jl. Asia Pasifik Blok B', '081683147819', 'karangdita@gmail.com', 'Female', '7000000'),
('ST008', 'Kace Purnomo', 'Jl. Pondok Labuh Barat Blok A', '085714141511', 'kacee@gmail.com', 'Male', '5000000'),
('ST009', 'Yohannes Edward', 'Jl. Famili No.6B', '085800141577', 'yohannes@gmail.com', 'Male', '4500000'),
('ST010', 'Michael', 'Jl. Bandar Selatan No.45', '081213231599', 'michael@gmail.com', 'Male', '5500000')

INSERT INTO Customer 
VALUES('CU001', 'Clarissa', 'Jl. Radio No.81', '081243142506', 'Female', 'clarissa@gmail.com'),
('CU002', 'Ananda', 'Jl. Rawamangun No.1', '081240942116', 'Female', 'ananda@gmail.com'),
('CU003', 'Bayu', 'Jl. Jeruk Purut Blok T No.65V', '081243142506', 'Male', 'bayu@gmail.com'),
('CU004', 'Dito', 'Jl. Kemuning Barat No.31', '081389142501', 'Male', 'dito@gmail.com'),
('CU005', 'Melissa', 'Jl. Mawar No.2 ', '081590142986', 'Female', 'melissa@gmail.com'),
('CU006', 'Angelia', 'Jl. Pantai Kapuk Tengah No.11A', '081244142598', 'Female', 'angelia@gmail.com'),
('CU007', 'Amber', 'Jl. Mongonsidi Selatan No.8', '081213111511', 'Female', 'amber@gmail.com'),
('CU008', 'Hansen', 'Jl. Gatoto Subroto No.9', '081240042500', 'Male', 'hansen@gmail.com'),
('CU009', 'Rico', 'Jl. Pal Merah No.1', '081233133306', 'Male', 'rico@gmail.com'),
('CU010', 'Kiano', 'Jl. Jati Padang No.7', '081243999506', 'Male', 'kiano@gmail.com')

INSERT INTO Vendor 
VALUES('VE001', 'PULL n BEAR', 'Pondok Indah Raya 16', '08159500905', 'pullnbear@gmail.com'),
('VE002', 'Saad Busana Maju', 'Pondok Indah Raya 1', '08159990911', 'saadbusana@gmail.com'),
('VE003', 'Mark n Spencer', 'Pondok Indah Raya 13', '08169780905', 'marknspencer@gmail.com'),
('VE004', 'MANGOOO', 'Thamrin Raya 11', '081900000905', 'mango@gmail.com'),
('VE005', 'Guesttt', 'Depok Raya', '08159509081', 'guesttt@gmail.com'),
('VE006', 'Uniklo', 'Pantai Indah Kapuk No.6', '08139544906', 'uniklo@gmail.com'),
('VE007', 'Urban Street', 'Pondok Indah Barat 10', '08159500905', 'urbanstreet@gmail.com'),
('VE008', 'PetekPilip', 'Thamrin No.5', '08159811904', 'petekpilip@gmail.com'),
('VE009', ' Puma Niki', 'Pondok Indah Blok 6', '081589000605', 'niki@gmail.com'),
('VE010', 'Balenciaga', 'Gatot Subroto 22', '08122501105', 'balenciaga@gmail.com')

INSERT INTO ClothesCategory VALUES
('CA001', 'Tshirt'),
('CA002', 'PJs'),
('CA003', 'Turtleneck'),
('CA004', 'Trouser'),
('CA005', 'Jeans'),
('CA006', 'Crop Top'),
('CA007', 'Under Garment'),
('CA008', 'Dress'),
('CA009', 'Sleeves'),
('CA010', 'Maxi Dress')

INSERT INTO Cloth 
VALUES('CL001', 'CA001', 'PULL n BEAR', '150000', '200'),
('CL002', 'CA004', 'Balenciaga', '100000', '100'),
('CL003', 'CA010', 'Puma Niki', '500000', '50'),
('CL004', 'CA002', 'Urban Street', '150000', '100'),
('CL005', 'CA006', 'Guesttt', '200000', '20'),
('CL006', 'CA007', 'MANGOOO', '100000', '30'),
('CL007', 'CA003', 'Mark n Spencer', '170000', '20'),
('CL008', 'CA009', 'Uniklo', '190000', '30'),
('CL009', 'CA005', 'PetekPilip', '150000', '100'),
('CL010', 'CA008', 'Urban Street', '600000', '20'),
('CL011', 'CA010', 'MANGOOO', '150000', '50'),
('CL012', 'CA001', 'Saad Busana Maju', '300000', '400'),
('CL013', 'CA002', 'Mark n Spencer', '150000', '20'),
('CL014', 'CA008', 'Balenciaga', '400000', '10'),
('CL015', 'CA006', 'Saad Busana Maju', '150000', '50')

INSERT INTO SalesTransaction 
VALUES('SA001', 'ST003', 'CU008', DATEADD(HOUR, -1, GETDATE())),
('SA002', 'ST001', 'CU001', DATEADD(HOUR, -1, GETDATE())),
('SA003', 'ST008', 'CU005', DATEADD(HOUR, -1, GETDATE())),
('SA004', 'ST004', 'CU010', DATEADD(HOUR, -1, GETDATE())),
('SA005', 'ST006', 'CU008', DATEADD(HOUR, -1, GETDATE())),
('SA006', 'ST010', 'CU006', DATEADD(HOUR, -1, GETDATE())),
('SA007', 'ST010', 'CU002', DATEADD(HOUR, -1, GETDATE())),
('SA008', 'ST002', 'CU003', DATEADD(HOUR, -1, GETDATE())),
('SA009', 'ST003', 'CU007', DATEADD(HOUR, -1, GETDATE())),
('SA010', 'ST001', 'CU009', DATEADD(HOUR, -1, GETDATE())),
('SA011', 'ST005', 'CU002', DATEADD(HOUR, -1, GETDATE())),
('SA012', 'ST007', 'CU009', DATEADD(HOUR, -1, GETDATE())),
('SA013', 'ST009', 'CU002', DATEADD(HOUR, -1, GETDATE())),
('SA014', 'ST002', 'CU004', DATEADD(HOUR, -1, GETDATE())),
('SA015', 'ST003', 'CU009', DATEADD(HOUR, -1, GETDATE()))

INSERT INTO DetailSalesTransaction 
VALUES('SA001', 'CL011', '200'),
('SA002', 'CL001', '100'),
('SA002', 'CL002', '50'),
('SA003', 'CL001', '200'),
('SA003', 'CL003', '100'),
('SA003', 'CL004', '10'),
('SA007', 'CL001', '100'),
('SA008', 'CL010', '150'),
('SA009', 'CL010', '180'),
('SA010', 'CL008', '110'),
('SA011', 'CL008', '90'),
('SA012', 'CL001', '80'),
('SA013', 'CL002', '25'),
('SA014', 'CL004', '100'),
('SA014', 'CL005', '50'),
('SA014', 'CL006', '60'),
('SA014', 'CL007', '90'),
('SA012', 'CL008', '80'),
('SA011', 'CL008', '100'),
('SA011', 'CL009', '200'),
('SA011', 'CL003', '250'),
('SA011', 'CL006', '200'),
('SA012', 'CL006', '100'),
('SA013', 'CL005', '10'),
('SA015', 'CL010', '20')

INSERT INTO PurchaseTransaction 
VALUES('PU001', 'ST005', 'VE001', DATEADD(HOUR, -1, GETDATE())),
('PU002', 'ST001', 'VE002', DATEADD(HOUR, -1, GETDATE())),
('PU003', 'ST004', 'VE003', DATEADD(HOUR, -1, GETDATE())),
('PU004', 'ST007', 'VE004', DATEADD(HOUR, -1, GETDATE())),
('PU005', 'ST009', 'VE004', DATEADD(HOUR, -1, GETDATE())),
('PU006', 'ST010', 'VE008', DATEADD(HOUR, -1, GETDATE())),
('PU007', 'ST002', 'VE008', DATEADD(HOUR, -1, GETDATE())),
('PU008', 'ST003', 'VE010', DATEADD(HOUR, -1, GETDATE())),
('PU009', 'ST004', 'VE005', DATEADD(HOUR, -1, GETDATE())),
('PU010', 'ST008', 'VE002', DATEADD(HOUR, -1, GETDATE())),
('PU011', 'ST006', 'VE001', DATEADD(HOUR, -1, GETDATE())),
('PU012', 'ST009', 'VE001', DATEADD(HOUR, -1, GETDATE())),
('PU013', 'ST005', 'VE006', DATEADD(HOUR, -1, GETDATE())),
('PU014', 'ST006', 'VE008', DATEADD(HOUR, -1, GETDATE())),
('PU015', 'ST008', 'VE009', DATEADD(HOUR, -1, GETDATE()))

INSERT INTO DetailPurchaseTransaction 
VALUES('PU001', 'CL011', '1'),
('PU001', 'CL011', '2'),
('PU001', 'CL011', '5'),
('PU002', 'CL011', '1'),
('PU002', 'CL011', '1'),
('PU002', 'CL011', '4'),
('PU003', 'CL011', '2'),
('PU003', 'CL011', '1'),
('PU004', 'CL011', '15'),
('PU005', 'CL011', '1'),
('PU006', 'CL011', '3'),
('PU006', 'CL011', '1'),
('PU007', 'CL011', '1'),
('PU008', 'CL011', '1'),
('PU009', 'CL011', '2'),
('PU009', 'CL011', '10'),
('PU010', 'CL011', '2'),
('PU011', 'CL011', '2'),
('PU011', 'CL011', '2'),
('PU012', 'CL011', '1'),
('PU013', 'CL011', '20'),
('PU014', 'CL011', '1'),
('PU015', 'CL011', '1'),
('PU015', 'CL011', '2'),
('PU015', 'CL011', '1')